Common_Name,Code
"Great Tinamou","GRTI"
"Highland Tinamou","HITI"
"Little Tinamou","LITI"
"Thicket Tinamou","THTI"
"Slaty-breasted Tinamou","SBTI"
"Choco Tinamou","CHTI"
"White-faced Whistling-Duck","WFWD"
"Black-bellied Whistling-Duck","BBWD"
"West Indian Whistling-Duck","WIWD"
"Fulvous Whistling-Duck","FUWD"
"Bean Goose","BEGO"
"Pink-footed Goose","PFGO"
"Greater White-fronted Goose","GWFG"
"Lesser White-fronted Goose","LWFG"
"Emperor Goose","EMGO"
"Snow Goose","SNGO"
"Lesser Snow Goose White-morph","LSGW"
"Lesser Snow Goose Intermediate-morph","LSGI"
"Lesser Snow Goose Blue-morph","LSGB"
"Greater Snow Goose White-morph","GSGW"
"Greater Snow Goose Intermediate-morph","GSGI"
"Greater Snow Goose Blue-morph","GSGB"
"Snow X Ross's Goose Hybrid","SRGH"
"Ross's Goose","ROGO"
"Brant","BRAN"
"Atlantic Brant","ATBR"
"Brant Intergrade","BRIN"
"Black Brant","BLBR"
"Barnacle Goose","BARG"
"Cackling Goose","CACG"
"Aleutian Cackling Goose","ACGO"
"Minima Cackling Goose","MCGO"
"Canada Goose","CANG"
"Large Canada Goose","LCGO"
"Small Canada Goose","SCGO"
"Hawaiian Goose","HAGO"
"Mute Swan","MUSW"
"Trumpeter Swan","TRUS"
"Tundra Swan","TUSW"
"Whistling Swan","WHSW"
"Bewick's Swan","BESW"
"Whooper Swan","WHOS"
"Comb Duck","CODU"
"Orinoco Goose","ORGO"
"Muscovy Duck","MUDU"
"Wood Duck","WODU"
"Gadwall","GADW"
"Falcated Duck","FADU"
"Eurasian Wigeon","EUWI"
"American Wigeon","AMWI"
"American Black Duck","ABDU"
"American Black Duck X Mallard Hybrid","ABDH"
"Mallard","MALL"
"Mexican Duck","MEDU"
"Mottled Duck","MODU"
"Hawaiian Duck","HAWD"
"Laysan Duck","LAYD"
"Spot-billed Duck","SBDU"
"Blue-winged Teal","BWTE"
"Cinnamon Teal","CITE"
"Unidentified Teal","UNTE"
"Northern Shoveler","NSHO"
"White-cheeked Pintail","WCHP"
"Northern Pintail","NOPI"
"Garganey","GARG"
"Baikal Teal","BATE"
"Green-winged Teal","GWTE"
"American Green-winged Teal","AGWT"
"Eurasian Green-winged Teal","EGWT"
"Canvasback","CANV"
"Redhead","REDH"
"Common Pochard","CPOC"
"Ring-necked Duck","RNDU"
"Tufted Duck","TUDU"
"Greater Scaup","GRSC"
"Lesser Scaup","LESC"
"Steller's Eider","STEI"
"Spectacled Eider","SPEI"
"King Eider","KIEI"
"Common Eider","COEI"
"Harlequin Duck","HADU"
"Labrador Duck","LABD"
"Surf Scoter","SUSC"
"White-winged Scoter","WWSC"
"Black Scoter","BLSC"
"Long-tailed Duck","LTDU"
"Bufflehead","BUFF"
"Common Goldeneye","COGO"
"Barrow's Goldeneye","BAGO"
"Smew","SMEW"
"Hooded Merganser","HOME"
"Common Merganser","COME"
"Red-breasted Merganser","RBME"
"Masked Duck","MADU"
"Ruddy Duck","RUDU"
"Unidentified Duck","UNDU"
"Plain Chachalaca","PLCH"
"Gray-headed Chachalaca","GHEC"
"Rufous-vented Chachalaca","RVCH"
"Rufous-bellied Chachalaca","RBEC"
"West Mexican Chachalaca","WMCH"
"White-bellied Chachalaca","WBCH"
"Crested Guan","CRGU"
"Black Guan","BLAG"
"Highland Guan","HIGU"
"Horned Guan","HOGU"
"Great Curassow","GRCU"
"Chukar","CHUK"
"Gray Francolin","GRAF"
"Black Francolin","BLFR"
"Erckel's Francolin","ERFR"
"Himalayan Snowcock","HISN"
"Gray Partridge","GRAP"
"Japanese Quail","JAQU"
"Red Junglefowl","REJU"
"Kalij Pheasant","KAPH"
"Ring-necked Pheasant","RNEP"
"Common Peafowl","CPEA"
"Ruffed Grouse","RUGR"
"Greater Sage-Grouse","GRSG"
"Gunnison Sage-Grouse","GUSG"
"Spruce Grouse","SPGR"
"Willow Ptarmigan","WIPT"
"Rock Ptarmigan","ROPT"
"White-tailed Ptarmigan","WTPT"
"Dusky Grouse","DUGR"
"Sooty Grouse","SOGR"
"Sharp-tailed Grouse","STGR"
"Greater Prairie-Chicken","GRPC"
"Lesser Prairie-Chicken","LEPC"
"Wild Turkey","WITU"
"Ocellated Turkey","OCTU"
"Helmeted Guineafowl","HELG"
"Bearded Wood-Partridge","BEWP"
"Long-tailed Wood-Partridge","LTWP"
"Buffy-crowned Wood-Partridge","BCWP"
"Mountain Quail","MOUQ"
"Scaled Quail","SCQU"
"Elegant Quail","ELQU"
"California Quail","CAQU"
"Gambel's Quail","GAQU"
"Banded Quail","BAQU"
"Northern Bobwhite","NOBO"
"Black-throated Bobwhite","BTBO"
"Crested Bobwhite","CRBO"
"Marbled Wood-Quail","MAWQ"
"Black-eared Wood-Quail","BEWQ"
"Tacarcuna Wood-Quail","TAWQ"
"Black-breasted Wood-Quail","BBWQ"
"Spotted Wood-Quail","SPQU"
"Singing Quail","SIQU"
"Montezuma Quail","MONQ"
"Ocellated Quail","OCQU"
"Tawny-faced Quail","TFQU"
"Red-throated Loon","RTLO"
"Arctic Loon","ARLO"
"Pacific Loon","PALO"
"Common Loon","COLO"
"Yellow-billed Loon","YBLO"
"Least Grebe","LEGR"
"Pied-billed Grebe","PBGR"
"Atitlan Grebe","ATGR"
"Horned Grebe","HOGR"
"Red-necked Grebe","RNGR"
"Eared Grebe","EAGR"
"Western Grebe","WEGR"
"Clark's Grebe","CLGR"
"Yellow-nosed Albatross","YNAL"
"Shy Albatross","SHAL"
"Black-browed Albatross","BBAL"
"Light-mantled Albatross","LMAL"
"Wandering Albatross","WAAL"
"Laysan Albatross","LAAL"
"Laysan X Black-foot. Albatross Hybrid","LBFH"
"Black-footed Albatross","BFAL"
"Short-tailed Albatross","STAL"
"Northern Fulmar","NOFU"
"Great-winged Petrel","GWPE"
"Kermadec Petrel","KEPE"
"Herald Petrel","HEPE"
"Murphy's Petrel","MUPE"
"Mottled Petrel","MOPE"
"Bermuda Petrel","BEPE"
"Black-capped Petrel","BCPE"
"Juan Fernandez Petrel","JFPE"
"Galapagos Petrel","GAPE"
"Hawaiian Petrel","HAPE"
"White-necked Petrel","WNPE"
"Bonin Petrel","BOPE"
"Black-winged Petrel","BWPE"
"Cook's Petrel","COOP"
"Stejneger's Petrel","STPE"
"Bulwer's Petrel","BUPE"
"Jouanin's Petrel","JOPE"
"Parkinson's Petrel","PAPE"
"Streaked Shearwater","STRS"
"Cory's Shearwater","COSH"
"Cape Verde Shearwater","CVSH"
"Pink-footed Shearwater","PFSH"
"Flesh-footed Shearwater","FFSH"
"Greater Shearwater","GRSH"
"Wedge-tailed Shearwater","WTSH"
"Buller's Shearwater","BULS"
"Sooty Shearwater","SOSH"
"Short-tailed Shearwater","SRTS"
"Christmas Shearwater","CHSH"
"Manx Shearwater","MASH"
"Townsend's Shearwater","TOSH"
"Newell's Shearwater","NESH"
"Black-vented Shearwater","BVSH"
"Audubon's Shearwater","AUSH"
"Little Shearwater","LISH"
"Wilson's Storm-Petrel","WISP"
"White-faced Storm-Petrel","WFSP"
"European Storm-Petrel","EUSP"
"Black-bellied Storm-Petrel","BBSP"
"Fork-tailed Storm-Petrel","FTSP"
"Leach's Storm-Petrel","LESP"
"Ashy Storm-Petrel","ASSP"
"Band-rumped Storm-Petrel","BSTP"
"Wedge-rumped Storm-Petrel","WRSP"
"Black Storm-Petrel","BLSP"
"Guadalupe Storm-Petrel","GUSP"
"Markham's Storm-Petrel","MASP"
"Tristram's Storm-Petrel","TRSP"
"Least Storm-Petrel","LSTP"
"White-tailed Tropicbird","WTTR"
"Red-billed Tropicbird","RBTR"
"Red-tailed Tropicbird","RTTR"
"Masked Booby","MABO"
"Nazca Booby","NABO"
"Blue-footed Booby","BFBO"
"Peruvian Booby","PEBO"
"Brown Booby","BRBO"
"Red-footed Booby","RFBO"
"Northern Gannet","NOGA"
"American White Pelican","AWPE"
"Brown Pelican","BRPE"
"Brandt's Cormorant","BRAC"
"Neotropic Cormorant","NECO"
"Double-crested Cormorant","DCCO"
"Great Cormorant","GRCO"
"Red-faced Cormorant","RFCO"
"Pelagic Cormorant","PECO"
"Anhinga","ANHI"
"Magnificent Frigatebird","MAFR"
"Great Frigatebird","GFRI"
"Lesser Frigatebird","LEFR"
"Pinnated Bittern","PIBI"
"American Bittern","AMBI"
"Yellow Bittern","YEBI"
"Least Bittern","LEBI"
"Rufescent Tiger-Heron","RTHE"
"Fasciated Tiger-Heron","FTHE"
"Bare-throated Tiger-Heron","BTTH"
"Great Blue Heron","GBHE"
"Great White Heron","GWHE"
"Gray Heron","GRAH"
"Cocoi Heron","COHE"
"Great Egret","GREG"
"Chinese Egret","CHEG"
"Little Egret","LIEG"
"Western Reef-Heron","WERH"
"Snowy Egret","SNEG"
"Little Blue Heron","LBHE"
"Tricolored Heron","TRHE"
"Reddish Egret","REEG"
"Cattle Egret","CAEG"
"Chinese Pond-Heron","CHPH"
"Green Heron","GRHE"
"Striated Heron","STRH"
"Agami Heron","AGHE"
"Capped Heron","CAHE"
"Black-crowned Night-Heron","BCNH"
"Yellow-crowned Night-Heron","YCNH"
"Boat-billed Heron","BBHE"
"White Ibis","WHIB"
"Scarlet Ibis","SCIB"
"Glossy Ibis","GLIB"
"White-faced Ibis","WFIB"
"Green Ibis","GRIB"
"Buff-necked Ibis","BNIB"
"Roseate Spoonbill","ROSP"
"Jabiru","JABI"
"Wood Stork","WOST"
"Black Vulture","BLVU"
"Turkey Vulture","TUVU"
"Lesser Yellow-headed Vulture","LYHV"
"California Condor","CACO"
"King Vulture","KIVU"
"Greater Flamingo","GFLA"
"Osprey","OSPR"
"Gray-headed Kite","GHKI"
"Hook-billed Kite","HBKI"
"Swallow-tailed Kite","STKI"
"Pearl Kite","PEKI"
"White-tailed Kite","WTKI"
"Snail Kite","SNKI"
"Slender-billed Kite","SBKI"
"Double-toothed Kite","DTKI"
"Mississippi Kite","MIKI"
"Plumbeous Kite","PLKI"
"Black Kite","BLAK"
"Bald Eagle","BAEA"
"White-tailed Eagle","WTEA"
"Steller's Sea-Eagle","STSE"
"Black-collared Hawk","BCHA"
"Northern Harrier","NOHA"
"Western Marsh Harrier","WMHA"
"Gray Frog-Hawk","GRFH"
"Tiny Hawk","TIHA"
"Sharp-shinned Hawk","SSHA"
"Cooper's Hawk","COHA"
"Gundlach's Hawk","GUHA"
"Bicolored Hawk","BIHA"
"Northern Goshawk","NOGO"
"Unidentified Accipiter Hawk","UAHA"
"Crane Hawk","CRHA"
"Plumbeous Hawk","PLHA"
"Barred Hawk","BAHA"
"Semiplumbeous Hawk","SEHA"
"White Hawk","WHHA"
"Common Black-Hawk","COBH"
"Mangrove Black-Hawk","MABH"
"Great Black-Hawk","GRBH"
"Savanna Hawk","SAHA"
"Harris's Hawk","HASH"
"Solitary Eagle","SOEA"
"Roadside Hawk","ROHA"
"Red-shouldered Hawk","RSHA"
"Ridgway's Hawk","RIHA"
"Broad-winged Hawk","BWHA"
"Gray Hawk","GRHA"
"Short-tailed Hawk","STHA"
"Swainson's Hawk","SWHA"
"White-tailed Hawk","WTHA"
"Zone-tailed Hawk","ZTHA"
"Hawaiian Hawk","HAWH"
"Red-tailed Hawk","RTHA"
"Harlan's Hawk","HALH"
"Ferruginous Hawk","FEHA"
"Rough-legged Hawk","RLHA"
"Crested Eagle","CREA"
"Harpy Eagle","HAEA"
"Golden Eagle","GOEA"
"Black-and-white Hawk-Eagle","BAWH"
"Black Hawk-Eagle","BLHE"
"Ornate Hawk-Eagle","ORHE"
"Unidentified Hawk","UNHA"
"Barred Forest-Falcon","BAFF"
"Slaty-backed Forest-Falcon","SBFF"
"Collared Forest-Falcon","COFF"
"Red-throated Caracara","RTCA"
"Crested Caracara","CRCA"
"Guadalupe Caracara","GUCA"
"Yellow-headed Caracara","YHCA"
"Laughing Falcon","LAFA"
"Eurasian Kestrel","EUKE"
"American Kestrel","AMKE"
"Merlin","MERL"
"Eurasian Hobby","EHOB"
"Aplomado Falcon","APFA"
"Bat Falcon","BAFA"
"Orange-breasted Falcon","OBFA"
"Gyrfalcon","GYRF"
"Peregrine Falcon","PEFA"
"Prairie Falcon","PRFA"
"Yellow Rail","YERA"
"Ocellated Crake","OCCR"
"Ruddy Crake","RUCR"
"White-throated Crake","WTCR"
"Gray-breasted Crake","GBCR"
"Black Rail","BLRA"
"Corn Crake","CORC"
"Clapper Rail","CLRA"
"King Rail","KIRA"
"Virginia Rail","VIRA"
"Rufous-necked Wood-Rail","RUWR"
"Gray-necked Wood-Rail","GNWR"
"Uniform Crake","UNIC"
"Laysan Rail","LARA"
"Spotted Crake","SPCR"
"Sora","SORA"
"Hawaiian Rail","HARA"
"Yellow-breasted Crake","YBCR"
"Colombian Crake","COLC"
"Paint-billed Crake","PBCR"
"Zapata Rail","ZARA"
"Spotted Rail","SPRA"
"Purple Gallinule","PUGA"
"Azure Gallinule","AZGA"
"Common Moorhen","COMO"
"Hawaiian Moorhen","HAMO"
"Eurasian Coot","EUCO"
"Hawaiian Coot","HACO"
"American Coot","AMCO"
"Caribbean Coot","CARC"
"Sungrebe","SUNG"
"Sunbittern","SUNB"
"Limpkin","LIMP"
"Sandhill Crane","SACR"
"Common Crane","COMC"
"Whooping Crane","WHCR"
"Double-striped Thick-knee","DSTK"
"Northern Lapwing","NOLA"
"Southern Lapwing","SOLA"
"Black-bellied Plover","BBPL"
"European Golden-Plover","EUGP"
"American Golden-Plover","AMGP"
"Lesser Golden-Plover","LEGP"
"Pacific Golden-Plover","PAGP"
"Lesser Sand-Plover","LSAP"
"Greater Sand-Plover","GSAP"
"Collared Plover","COPL"
"Snowy Plover","SNPL"
"Wilson's Plover","WIPL"
"Common Ringed Plover","CRPL"
"Semipalmated Plover","SEPL"
"Piping Plover","PIPL"
"Little Ringed Plover","LRPL"
"Killdeer","KILL"
"Mountain Plover","MOPL"
"Eurasian Dotterel","EUDO"
"Eurasian Oystercatcher","EUOY"
"American Oystercatcher","AMOY"
"Black Oystercatcher","BLOY"
"Black-winged Stilt","BWST"
"Black-necked Stilt","BNST"
"Hawaiian Stilt","HAST"
"American Avocet","AMAV"
"Northern Jacana","NOJA"
"Wattled Jacana","WAJA"
"Terek Sandpiper","TESA"
"Common Sandpiper","COSA"
"Spotted Sandpiper","SPSA"
"Green Sandpiper","GRSA"
"Solitary Sandpiper","SOSA"
"Gray-tailed Tattler","GTTA"
"Wandering Tattler","WATA"
"Spotted Redshank","SPRE"
"Greater Yellowlegs","GRYE"
"Common Greenshank","COMG"
"Willet","WILL"
"Lesser Yellowlegs","LEYE"
"Marsh Sandpiper","MASA"
"Wood Sandpiper","WOSA"
"Common Redshank","COMR"
"Upland Sandpiper","UPSA"
"Little Curlew","LICU"
"Eskimo Curlew","ESCU"
"Whimbrel","WHIM"
"Bristle-thighed Curlew","BTCU"
"Far Eastern Curlew","FECU"
"Slender-billed Curlew","SBCU"
"Eurasian Curlew","EUCU"
"Long-billed Curlew","LBCU"
"Black-tailed Godwit","BTGD"
"Hudsonian Godwit","HUGO"
"Bar-tailed Godwit","BTGO"
"Marbled Godwit","MAGO"
"Ruddy Turnstone","RUTU"
"Black Turnstone","BLTU"
"Surfbird","SURF"
"Great Knot","GRKN"
"Red Knot","REKN"
"Sanderling","SAND"
"Semipalmated Sandpiper","SESA"
"Western Sandpiper","WESA"
"Red-necked Stint","RNST"
"Little Stint","LIST"
"Temminck's Stint","TEST"
"Long-toed Stint","LTST"
"Least Sandpiper","LESA"
"White-rumped Sandpiper","WRSA"
"Baird's Sandpiper","BASA"
"Pectoral Sandpiper","PESA"
"Sharp-tailed Sandpiper","SPTS"
"Purple Sandpiper","PUSA"
"Rock Sandpiper","ROSA"
"Dunlin","DUNL"
"Curlew Sandpiper","CUSA"
"Stilt Sandpiper","STSA"
"Spoon-billed Sandpiper","SBSA"
"Broad-billed Sandpiper","BBIS"
"Buff-breasted Sandpiper","BBSA"
"Ruff","RUFF"
"Short-billed Dowitcher","SBDO"
"Unidentified Dowitcher","UNDO"
"Long-billed Dowitcher","LBDO"
"Jack Snipe","JASN"
"Wilson's Snipe","WISN"
"Common Snipe","COSN"
"Pin-tailed Snipe","PTSN"
"Eurasian Woodcock","EUWO"
"American Woodcock","AMWO"
"Wilson's Phalarope","WIPH"
"Red-necked Phalarope","RNPH"
"Red Phalarope","REPH"
"Oriental Pratincole","ORPR"
"Laughing Gull","LAGU"
"Franklin's Gull","FRGU"
"Little Gull","LIGU"
"Black-headed Gull","BHGU"
"Bonaparte's Gull","BOGU"
"Heermann's Gull","HEEG"
"Gray-hooded Gull","GHGU"
"Gray Gull","GRGU"
"Belcher's Gull","BEGU"
"Black-tailed Gull","BTGU"
"Mew Gull","MEGU"
"Ring-billed Gull","RBGU"
"California Gull","CAGU"
"Herring Gull","HERG"
"Yellow-legged Gull","YLGU"
"Thayer's Gull","THGU"
"Iceland Gull","ICGU"
"Lesser Black-backed Gull","LBBG"
"Slaty-backed Gull","SBGU"
"Yellow-footed Gull","YFGU"
"Western Gull","WEGU"
"Western X Glaucous-winged Gull Hybrid","WGWH"
"Glaucous-winged Gull","GWGU"
"Glaucous Gull","GLGU"
"Great Black-backed Gull","GBBG"
"Kelp Gull","KEGU"
"Unidentified Larus Gull","ULGU"
"Sabine's Gull","SAGU"
"Black-legged Kittiwake","BLKI"
"Red-legged Kittiwake","RLKI"
"Ross's Gull","ROGU"
"Ivory Gull","IVGU"
"Brown Noddy","BRNO"
"Black Noddy","BLNO"
"Blue-gray Noddy","BGNO"
"White Tern","WHTT"
"Sooty Tern","SOTE"
"Gray-backed Tern","GBAT"
"Bridled Tern","BRTE"
"Aleutian Tern","ALTE"
"Little Tern","LITE"
"Least Tern","LETE"
"Yellow-billed Tern","YBTE"
"Large-billed Tern","LBTE"
"Gull-billed Tern","GBTE"
"Caspian Tern","CATE"
"Inca Tern","INTE"
"Black Tern","BLTE"
"White-winged Tern","WWTE"
"Whiskered Tern","WHST"
"Roseate Tern","ROST"
"Common Tern","COTE"
"Arctic Tern","ARTE"
"Forster's Tern","FOTE"
"Royal Tern","ROYT"
"Great Crested Tern","GCTE"
"Sandwich Tern","SATE"
"Elegant Tern","ELTE"
"Black Skimmer","BLSK"
"Great Skua","GRSK"
"South Polar Skua","SPSK"
"Pomarine Jaeger","POJA"
"Parasitic Jaeger","PAJA"
"Long-tailed Jaeger","LTJA"
"Dovekie","DOVE"
"Common Murre","COMU"
"Thick-billed Murre","TBMU"
"Razorbill","RAZO"
"Great Auk","GRAU"
"Black Guillemot","BLGU"
"Pigeon Guillemot","PIGU"
"Long-billed Murrelet","LBMU"
"Marbled Murrelet","MAMU"
"Kittlitz's Murrelet","KIMU"
"Xantus's Murrelet","XAMU"
"Craveri's Murrelet","CRMU"
"Ancient Murrelet","ANMU"
"Cassin's Auklet","CAAU"
"Parakeet Auklet","PAAU"
"Least Auklet","LEAU"
"Whiskered Auklet","WHAU"
"Crested Auklet","CRAU"
"Rhinoceros Auklet","RHAU"
"Atlantic Puffin","ATPU"
"Horned Puffin","HOPU"
"Tufted Puffin","TUPU"
"Chestnut-bellied Sandgrouse","CBSA"
"Rock Pigeon","ROPI"
"Pale-vented Pigeon","PVPI"
"Scaled Pigeon","SCPI"
"Scaly-naped Pigeon","SNPI"
"White-crowned Pigeon","WCPI"
"Red-billed Pigeon","RBPI"
"Plain Pigeon","PLPI"
"Band-tailed Pigeon","BTPI"
"Ring-tailed Pigeon","RTAP"
"Ruddy Pigeon","RUDP"
"Short-billed Pigeon","SBPI"
"Oriental Turtle-Dove","ORTD"
"African Collared-Dove","AFCD"
"European Turtle-Dove","EUTD"
"Eurasian Collared-Dove","EUCD"
"Spotted Dove","SPDO"
"Zebra Dove","ZEBD"
"White-winged Dove","WWDO"
"Zenaida Dove","ZEND"
"Eared Dove","EADO"
"Mourning Dove","MODO"
"Socorro Dove","SODO"
"Passenger Pigeon","PAPI"
"Inca Dove","INDO"
"Common Ground-Dove","COGD"
"Plain-breasted Ground-Dove","PBGD"
"Ruddy Ground-Dove","RUGD"
"Blue Ground-Dove","BLGD"
"Maroon-chested Ground-Dove","MCGD"
"White-tipped Dove","WTDO"
"Gray-headed Dove","GHDO"
"Grenada Dove","GRDO"
"Caribbean Dove","CADO"
"Gray-chested Dove","GCDO"
"Olive-backed Quail-Dove","OBQD"
"Key West Quail-Dove","KWQD"
"Bridled Quail-Dove","BRQD"
"White-faced Quail-Dove","WFAQ"
"Chiriqui Quail-Dove","CHQD"
"Tuxtla Quail-Dove","TUQD"
"Purplish-backed Quail-Dove","PBQD"
"Buff-fronted Quail-Dove","BFQD"
"Russet-crowned Quail-Dove","RCQD"
"Gray-fronted Quail-Dove","GFQD"
"White-fronted Quail-Dove","WFRQ"
"Crested Quail-Dove","CRQD"
"Violaceous Quail-Dove","VIQD"
"Ruddy Quail-Dove","RUQD"
"Blue-headed Quail-Dove","BHQD"
"Budgerigar","BUDG"
"Rose-ringed Parakeet","RRPA"
"Painted Parakeet","PAIP"
"Sulphur-winged Parakeet","SWPA"
"Monk Parakeet","MOPA"
"Carolina Parakeet","CAPA"
"Green Parakeet","GREP"
"Pacific Parakeet","PACP"
"Crimson-fronted Parakeet","CFPA"
"Mitred Parakeet","MIPA"
"Hispaniolan Parakeet","HPAK"
"Cuban Parakeet","CPAK"
"Olive-throated Parakeet","OTPA"
"Orange-fronted Parakeet","OFPA"
"Brown-throated Parakeet","BTPA"
"Chestnut-fronted Macaw","CFMA"
"Military Macaw","MIMA"
"Great Green Macaw","GGMA"
"Red-and-green Macaw","RAGM"
"Scarlet Macaw","SCMA"
"Cuban Macaw","CUBM"
"Blue-and-yellow Macaw","BAYM"
"Thick-billed Parrot","TBPA"
"Maroon-fronted Parrot","MFPA"
"Barred Parakeet","BAPA"
"Green-rumped Parrotlet","GRUP"
"Mexican Parrotlet","MEXP"
"Spectacled Parrotlet","SPPA"
"Orange-chinned Parakeet","OCPA"
"White-winged Parakeet","WWPA"
"Red-fronted Parrotlet","RFPA"
"Blue-fronted Parrotlet","BFPA"
"Saffron-headed Parrot","SHPA"
"Brown-hooded Parrot","BHOP"
"Blue-headed Parrot","BHEP"
"White-crowned Parrot","WCPA"
"White-fronted Parrot","WFPA"
"Yellow-lored Parrot","YLPA"
"Cuban Parrot","CPAT"
"Yellow-billed Parrot","YBPA"
"Hispaniolan Parrot","HPAT"
"Puerto Rican Parrot","PRPA"
"Black-billed Parrot","BBPA"
"Red-crowned Parrot","RCPA"
"Lilac-crowned Parrot","LCPA"
"Red-lored Parrot","RLPA"
"Mealy Parrot","MEAP"
"Yellow-headed Parrot","YHPA"
"Yellow-naped Parrot","YNPA"
"Yellow-crowned Parrot","YCPA"
"Red-necked Parrot","RNPA"
"St. Lucia Parrot","SLPA"
"St. Vincent Parrot","SVPA"
"Imperial Parrot","IMPA"
"Common Cuckoo","COCU"
"Oriental Cuckoo","ORCU"
"Little Cuckoo","LITC"
"Squirrel Cuckoo","SQCU"
"Dark-billed Cuckoo","DBCU"
"Yellow-billed Cuckoo","YBCU"
"Pearly-breasted Cuckoo","PBCU"
"Mangrove Cuckoo","MACU"
"Cocos Cuckoo","COCC"
"Black-billed Cuckoo","BBCU"
"Chestnut-bellied Cuckoo","CBCU"
"Bay-breasted Cuckoo","BBRC"
"Jamaican Lizard-Cuckoo","JALC"
"Puerto Rican Lizard-Cuckoo","PRLC"
"Great Lizard-Cuckoo","GRLC"
"Hispaniolan Lizard-Cuckoo","HILC"
"Striped Cuckoo","STCU"
"Pheasant Cuckoo","PHCU"
"Lesser Ground-Cuckoo","LEGC"
"Lesser Roadrunner","LERO"
"Greater Roadrunner","GRRO"
"Rufous-vented Ground-Cuckoo","RVGC"
"Greater Ani","GRTA"
"Smooth-billed Ani","SBAN"
"Groove-billed Ani","GBAN"
"Barn Owl","BANO"
"Ashy-faced Owl","AFOW"
"Flammulated Owl","FLOW"
"Oriental Scops-Owl","ORSO"
"Western Screech-Owl","WESO"
"Eastern Screech-Owl","EASO"
"Balsas Screech-Owl","BASO"
"Pacific Screech-Owl","PASO"
"Whiskered Screech-Owl","WHSO"
"Tropical Screech-Owl","TRSO"
"Bearded Screech-Owl","BESO"
"Vermiculated Screech-Owl","VESO"
"Bare-shanked Screech-Owl","BSSO"
"Puerto Rican Screech-Owl","PRSO"
"Bare-legged Owl","BLOW"
"Crested Owl","CROW"
"Spectacled Owl","SPEO"
"Great Horned Owl","GHOW"
"Snowy Owl","SNOW"
"Northern Hawk Owl","NHOW"
"Northern Pygmy-Owl","NOPO"
"Costa Rican Pygmy-Owl","CRPO"
"Central American Pygmy-Owl","CAPO"
"Tamaulipas Pygmy-Owl","TAPO"
"Colima Pygmy-Owl","CPYO"
"Ferruginous Pygmy-Owl","FEPO"
"Cuban Pygmy-Owl","CUPO"
"Elf Owl","ELOW"
"Burrowing Owl","BUOW"
"Mottled Owl","MOOW"
"Black-and-white Owl","BLWO"
"Spotted Owl","SPOW"
"Spotted x Barred Owl Hybrid","SBOH"
"Barred Owl","BADO"
"Fulvous Owl","FUOW"
"Great Gray Owl","GGOW"
"Long-eared Owl","LEOW"
"Stygian Owl","STOW"
"Short-eared Owl","SEOW"
"Striped Owl","STRO"
"Jamaican Owl","JAOW"
"Boreal Owl","BOOW"
"Northern Saw-whet Owl","NSWO"
"Unspotted Saw-whet Owl","USWO"
"Unidentified Owl","UNOW"
"Short-tailed Nighthawk","SHTN"
"Lesser Nighthawk","LENI"
"Common Nighthawk","CONI"
"Antillean Nighthawk","ANNI"
"Common Pauraque","COPA"
"Common Poorwill","COPO"
"Jamaican Pauraque","JAPA"
"Least Pauraque","LEPA"
"Eared Poorwill","EAPO"
"Yucatan Poorwill","YUPO"
"Ocellated Poorwill","OCPO"
"Chuck-will's-widow","CWWI"
"Rufous Nightjar","RUNI"
"Greater Antillean Nightjar","GANI"
"Tawny-collared Nightjar","TCNI"
"Yucatan Nightjar","YUNI"
"Buff-collared Nightjar","BCNI"
"Whip-poor-will","WPWI"
"Puerto Rican Nightjar","PRNI"
"Dusky Nightjar","DUNI"
"White-tailed Nightjar","WTNI"
"Spot-tailed Nightjar","SPTN"
"Gray Nightjar","GRNI"
"Great Potoo","GRPO"
"Common Potoo","CPOT"
"Northern Potoo","NORP"
"Oilbird","OILB"
"Black Swift","BLSW"
"White-fronted Swift","WFSW"
"White-chinned Swift","WCHS"
"Spot-fronted Swift","SFSW"
"Chestnut-collared Swift","CCSW"
"White-collared Swift","WCSW"
"White-naped Swift","WNSW"
"Chimney Swift","CHSW"
"Vaux's Swift","VASW"
"Chapman's Swift","CHAS"
"Short-tailed Swift","STSW"
"Ashy-tailed Swift","ATSW"
"Band-rumped Swift","BRSW"
"Costa Rican Swift","CRSW"
"Gray-rumped Swift","GRSW"
"Lesser Antillean Swift","LASW"
"White-throated Needletail","WTNE"
"Mariana Swiftlet","MASW"
"Common Swift","COSW"
"Fork-tailed Swift","FTSW"
"Alpine Swift","ALSW"
"White-throated Swift","WTSW"
"Lesser Swallow-tailed Swift","LSTS"
"Great Swallow-tailed Swift","GSTS"
"Antillean Palm-Swift","ANPS"
"Bronzy Hermit","BRHE"
"Rufous-breasted Hermit","RBHE"
"Band-tailed Barbthroat","BTBA"
"Green Hermit","GREH"
"Long-billed Hermit","LBIH"
"Pale-bellied Hermit","PBHE"
"Stripe-throated Hermit","SRTH"
"White-tipped Sicklebill","WTSI"
"Tooth-billed Hummingbird","TBHU"
"Green-fronted Lancebill","GFRL"
"Scaly-breasted Hummingbird","SBRH"
"Wedge-tailed Sabrewing","WTSA"
"Long-tailed Sabrewing","LTSA"
"Rufous Sabrewing","RUSA"
"Violet Sabrewing","VISA"
"White-necked Jacobin","WNJA"
"Brown Violet-ear","BRVE"
"Green Violet-ear","GRVE"
"Green-breasted Mango","GNBM"
"Black-throated Mango","BTMA"
"Veraguan Mango","VEMA"
"Antillean Mango","ANMA"
"Green Mango","GMAG"
"Jamaican Mango","JAMA"
"Purple-throated Carib","PTCA"
"Green-throated Carib","GTCA"
"Ruby-topaz Hummingbird","RTOH"
"Antillean Crested Hummingbird","ANCH"
"Violet-headed Hummingbird","VHHU"
"Emerald-chinned Hummingbird","ECHU"
"Short-crested Coquette","SCCO"
"Rufous-crested Coquette","RCRC"
"Black-crested Coquette","BCCO"
"White-crested Coquette","WCCO"
"Green Thorntail","GRET"
"Golden-crowned Emerald","GCEM"
"Cozumel Emerald","COEM"
"Canivet's Emerald","CAEM"
"Garden Emerald","GAEM"
"Cuban Emerald","CUEM"
"Brace's Emerald","BREM"
"Hispaniolan Emerald","HIEM"
"Puerto Rican Emerald","PREM"
"Dusky Hummingbird","DUHU"
"Broad-billed Hummingbird","BBIH"
"Blue-headed Hummingbird","BHHU"
"Mexican Woodnymph","MEWO"
"Violet-crowned Woodnymph","VCWO"
"Green-crowned Woodnymph","GNCW"
"Fiery-throated Hummingbird","FTHU"
"Violet-bellied Hummingbird","VBHU"
"Sapphire-throated Hummingbird","SHTH"
"Humboldt's Sapphire","HUSA"
"Blue-throated Goldentail","BTRG"
"White-eared Hummingbird","WEHU"
"Xantus's Hummingbird","XAHU"
"Violet-capped Hummingbird","VCAH"
"Rufous-cheeked Hummingbird","RCHU"
"Streamertail","STRM"
"White-bellied Emerald","WBEM"
"Honduran Emerald","HOEM"
"Blue-chested Hummingbird","BCHH"
"Charming Hummingbird","CHHU"
"Mangrove Hummingbird","MANH"
"Azure-crowned Hummingbird","AZCH"
"Berylline Hummingbird","BEHU"
"Blue-tailed Hummingbird","BLTH"
"Steely-vented Hummingbird","SVHU"
"Snowy-bellied Hummingbird","SBEH"
"Rufous-tailed Hummingbird","RTAH"
"Buff-bellied Hummingbird","BBEH"
"Cinnamon Hummingbird","CIHU"
"Violet-crowned Hummingbird","VCHU"
"Green-fronted Hummingbird","GFHU"
"Stripe-tailed Hummingbird","STLH"
"Blue-capped Hummingbird","BCAH"
"White-tailed Hummingbird","WTAH"
"Black-bellied Hummingbird","BLBH"
"White-tailed Emerald","WTEM"
"Coppery-headed Emerald","CHEM"
"Snowcap","SNOC"
"White-vented Plumeleteer","WVPL"
"Bronze-tailed Plumeleteer","BTPL"
"Green-throated Mountain-gem","GTMG"
"Green-breasted Mountain-gem","GBMG"
"Amethyst-throated Hummingbird","ATHU"
"Blue-throated Hummingbird","BTHH"
"White-bellied Mountain-gem","WBMG"
"Purple-throated Mountain-gem","PTMG"
"White-throated Mountain-gem","WTMG"
"Garnet-throated Hummingbird","GATH"
"Green-crowned Brilliant","GCBR"
"Magnificent Hummingbird","MAHU"
"Greenish Puffleg","GRPU"
"Purple-crowned Fairy","PCFA"
"Long-billed Starthroat","LBST"
"Plain-capped Starthroat","PCST"
"Bahama Woodstar","BAWO"
"Magenta-throated Woodstar","MTWO"
"Purple-throated Woodstar","PTWO"
"Slender Sheartail","SLSH"
"Mexican Sheartail","MESH"
"Sparkling-tailed Hummingbird","SPTH"
"Lucifer Hummingbird","LUHU"
"Beautiful Hummingbird","BEAH"
"Ruby-throated Hummingbird","RTHU"
"Black-chinned Hummingbird","BCHU"
"Vervain Hummingbird","VEHU"
"Bee Hummingbird","BEEH"
"Anna's Hummingbird","ANHU"
"Costa's Hummingbird","COHU"
"Calliope Hummingbird","CAHU"
"Bumblebee Hummingbird","BUHU"
"Wine-throated Hummingbird","WTHH"
"Broad-tailed Hummingbird","BTAH"
"Rufous Hummingbird","RUHU"
"Allen's Hummingbird","ALHU"
"Volcano Hummingbird","VOHU"
"Glow-throated Hummingbird","GLTH"
"Scintillant Hummingbird","SCHU"
"Unidentified Selasphorus Hummingbird","USHU"
"Unidentified Hummingbird","UNHU"
"Cuban Trogon","CUTR"
"Hispaniolan Trogon","HITR"
"Black-headed Trogon","BHTR"
"Citreoline Trogon","CITR"
"White-tailed Trogon","WTAT"
"Baird's Trogon","BATR"
"Violaceous Trogon","VITR"
"Mountain Trogon","MOTR"
"Elegant Trogon","ELTR"
"Collared Trogon","COTR"
"Orange-bellied Trogon","OBTR"
"Black-throated Trogon","BTHT"
"Black-tailed Trogon","BTAT"
"Slaty-tailed Trogon","STTR"
"Lattice-tailed Trogon","LTTR"
"Eared Quetzal","EAQU"
"Golden-headed Quetzal","GHQU"
"Resplendent Quetzal","REQU"
"Eurasian Hoopoe","EHOO"
"Cuban Tody","CUTO"
"Broad-billed Tody","BBTO"
"Narrow-billed Tody","NBTO"
"Jamaican Tody","JATO"
"Puerto Rican Tody","PRTO"
"Tody Motmot","TOMO"
"Blue-throated Motmot","BTMO"
"Russet-crowned Motmot","RCMO"
"Blue-crowned Motmot","BCMO"
"Rufous Motmot","RMOT"
"Keel-billed Motmot","KBMO"
"Broad-billed Motmot","BBMO"
"Turquoise-browed Motmot","TBMO"
"Ringed Kingfisher","RIKI"
"Belted Kingfisher","BEKI"
"Amazon Kingfisher","AMKI"
"Green Kingfisher","GKIN"
"Green-and-rufous Kingfisher","GARK"
"American Pygmy Kingfisher","APKI"
"Barred Puffbird","BAPU"
"White-necked Puffbird","WNPU"
"Black-breasted Puffbird","BBPU"
"Pied Puffbird","PIPU"
"White-whiskered Puffbird","WWPU"
"Lanceolated Monklet","LAMO"
"Gray-cheeked Nunlet","GCNU"
"White-fronted Nunbird","WFNU"
"Dusky-backed Jacamar","DBJA"
"Rufous-tailed Jacamar","RTJA"
"Great Jacamar","GJAC"
"Spot-crowned Barbet","SCBA"
"Red-headed Barbet","RHBA"
"Prong-billed Barbet","PBBA"
"Emerald Toucanet","EMTO"
"Collared Aracari","COAR"
"Fiery-billed Aracari","FBAR"
"Yellow-eared Toucanet","YETO"
"Keel-billed Toucan","KBTO"
"Chestnut-mandibled Toucan","CMTO"
"Eurasian Wryneck","EUWR"
"Olivaceous Piculet","OLPI"
"Antillean Piculet","ANPI"
"Lewis's Woodpecker","LEWO"
"Guadeloupe Woodpecker","GUWO"
"Puerto Rican Woodpecker","PRWO"
"Red-headed Woodpecker","RHWO"
"Acorn Woodpecker","ACWO"
"Golden-naped Woodpecker","GNWO"
"Black-cheeked Woodpecker","BCWO"
"Hispaniolan Woodpecker","HIWO"
"Jamaican Woodpecker","JAWO"
"Golden-cheeked Woodpecker","GCHW"
"Gray-breasted Woodpecker","GBWO"
"Yucatan Woodpecker","YUWO"
"Red-crowned Woodpecker","RCRW"
"Gila Woodpecker","GIWO"
"Hoffmann's Woodpecker","HOWO"
"Golden-fronted Woodpecker","GFWO"
"Red-bellied Woodpecker","RBWO"
"West Indian Woodpecker","WIWO"
"Williamson's Sapsucker","WISA"
"Yellow-bellied Sapsucker","YBSA"
"Red-naped Sapsucker","RNSA"
"Red-naped X Red-breasted Saps. Hybrid","RRSH"
"Red-breasted Sapsucker","RBSA"
"Unidentified Sapsucker","UNSA"
"Cuban Green Woodpecker","CGWO"
"Great Spotted Woodpecker","GSWO"
"Ladder-backed Woodpecker","LBWO"
"Nuttall's Woodpecker","NUWO"
"Downy Woodpecker","DOWO"
"Hairy Woodpecker","HAWO"
"Arizona Woodpecker","ARWO"
"Strickland's Woodpecker","STCW"
"Red-cockaded Woodpecker","RCWO"
"White-headed Woodpecker","WHWO"
"American Three-toed Woodpecker","ATTW"
"Black-backed Woodpecker","BBWO"
"Smoky-brown Woodpecker","SMBW"
"Red-rumped Woodpecker","RRWO"
"Rufous-winged Woodpecker","RWWO"
"Stripe-cheeked Woodpecker","SCHW"
"Golden-green Woodpecker","GGWO"
"Golden-olive Woodpecker","GOWO"
"Gray-crowned Woodpecker","GYCW"
"Spot-breasted Woodpecker","SBWP"
"Northern Flicker","NOFL"
"Yellow-shafted Flicker","YSFL"
"Northern Flicker Intergrade","NFIN"
"Red-shafted Flicker","RSFL"
"Gilded Flicker","GIFL"
"Fernandina's Flicker","FEFL"
"Cinnamon Woodpecker","CIWO"
"Chestnut-colored Woodpecker","CCOW"
"Lineated Woodpecker","LIWO"
"Pileated Woodpecker","PIWO"
"Crimson-bellied Woodpecker","CBWO"
"Crimson-crested Woodpecker","CCRW"
"Pale-billed Woodpecker","PBIW"
"Ivory-billed Woodpecker","IBWO"
"Imperial Woodpecker","IMWO"
"Unidentified Woodpecker","UNWO"
"Pale-breasted Spinetail","PBSP"
"Slaty Spinetail","SLSP"
"Rufous-breasted Spinetail","RBRS"
"Red-faced Spinetail","RFSP"
"Rusty-backed Spinetail","RBAS"
"Double-banded Graytail","DBGR"
"Spotted Barbtail","SPBA"
"Beautiful Treerunner","BETR"
"Ruddy Treerunner","RUTR"
"Buffy Tuftedcheek","BUTU"
"Striped Woodhaunter","STPW"
"Lineated Foliage-gleaner","LIFG"
"Scaly-throated Foliage-gleaner","STFG"
"Slaty-winged Foliage-gleaner","SWFG"
"Buff-fronted Foliage-gleaner","BFFG"
"Buff-throated Foliage-gleaner","BTFG"
"Ruddy Foliage-gleaner","RUFG"
"Streak-breasted Treehunter","SBTR"
"Plain Xenops","PLXE"
"Streaked Xenops","STXE"
"Tawny-throated Leaftosser","TTLE"
"Gray-throated Leaftosser","GTLE"
"Scaly-throated Leaftosser","STLE"
"Sharp-tailed Streamcreeper","STST"
"Plain-brown Woodcreeper","PBRW"
"Tawny-winged Woodcreeper","TWWO"
"Ruddy Woodcreeper","RUWO"
"Olivaceous Woodcreeper","OLWO"
"Long-tailed Woodcreeper","LTWO"
"Wedge-billed Woodcreeper","WBWO"
"Strong-billed Woodcreeper","SNBW"
"Northern Barred-Woodcreeper","NOBW"
"Black-banded Woodcreeper","BBNW"
"Straight-billed Woodcreeper","SGBW"
"Cocoa Woodcreeper","COWO"
"Ivory-billed Woodcreeper","IBIW"
"Black-striped Woodcreeper","BSWO"
"Spotted Woodcreeper","SPWO"
"White-striped Woodcreeper","WSWO"
"Streak-headed Woodcreeper","SHWO"
"Spot-crowned Woodcreeper","SCRW"
"Red-billed Scythebill","RBSC"
"Brown-billed Scythebill","BBSC"
"Fasciated Antshrike","FAAN"
"Great Antshrike","GANT"
"Barred Antshrike","BAAN"
"Black Antshrike","BLAN"
"Black-hooded Antshrike","BHOA"
"Western Slaty-Antshrike","WSLA"
"Spiny-faced Antshrike","SFAN"
"Russet Antshrike","RUAN"
"Plain Antvireo","PLAN"
"Streak-crowned Antvireo","STCA"
"Spot-crowned Antvireo","SPCA"
"Moustached Antwren","MOAN"
"Pacific Antwren","PAAN"
"Checker-throated Antwren","CTAN"
"White-flanked Antwren","WFLA"
"Slaty Antwren","SLAN"
"Rufous-winged Antwren","RWAN"
"Dot-winged Antwren","DWAN"
"White-fringed Antwren","WFRA"
"Rufous-rumped Antwren","RRAN"
"Dusky Antbird","DUAN"
"Jet Antbird","JEAN"
"Bare-crowned Antbird","BACA"
"White-bellied Antbird","WBEA"
"Chestnut-backed Antbird","CBAN"
"Dull-mantled Antbird","DMAN"
"Immaculate Antbird","IMAN"
"Spotted Antbird","SPAN"
"Wing-banded Antbird","WBAA"
"Bicolored Antbird","BIAN"
"Ocellated Antbird","OCAN"
"Black-faced Antthrush","BFAN"
"Black-headed Antthrush","BHEA"
"Rufous-breasted Antthrush","RBAN"
"Black-crowned Antpitta","BCNA"
"Scaled Antpitta","SCAA"
"Streak-chested Antpitta","SCHA"
"Thicket Antpitta","THAN"
"Ochre-breasted Antpitta","OBAN"
"Tacarcuna Tapaculo","TATA"
"Choco Tapaculo","CHOT"
"Silvery-fronted Tapaculo","SFTA"
"Yellow-bellied Tyrannulet","YBTY"
"Brown-capped Tyrannulet","BCTY"
"Northern Beardless-Tyrannulet","NOBT"
"Southern Beardless-Tyrannulet","SOBT"
"Mouse-colored Tyrannulet","MCTY"
"Cocos Flycatcher","COCF"
"Yellow Tyrannulet","YETY"
"Yellow-crowned Tyrannulet","YCTY"
"Forest Elaenia","FOEL"
"Gray Elaenia","GRAE"
"Jamaican Elaenia","JAEL"
"Greenish Elaenia","GREL"
"Caribbean Elaenia","CAEL"
"Yellow-bellied Elaenia","YBEL"
"Lesser Elaenia","LEEL"
"Mountain Elaenia","MOEL"
"Greater Antillean Elaenia","GAEL"
"Torrent Tyrannulet","TOTY"
"Olive-striped Flycatcher","OSTF"
"Ochre-bellied Flycatcher","OBFL"
"Sepia-capped Flycatcher","SECF"
"Slaty-capped Flycatcher","SLCF"
"Yellow-green Tyrannulet","YGTY"
"Rufous-browed Tyrannulet","RBTY"
"Rough-legged Tyrannulet","RLTY"
"Sooty-headed Tyrannulet","SHTY"
"Paltry Tyrannulet","PATY"
"Northern Scrub-Flycatcher","NOSF"
"Bronze-olive Pygmy-Tyrant","BOPT"
"Black-capped Pygmy-Tyrant","BPYT"
"Scale-crested Pygmy-Tyrant","SCPT"
"Pale-eyed Pygmy-Tyrant","PEPT"
"Northern Bentbill","NOBE"
"Southern Bentbill","SOBE"
"Slate-headed Tody-Flycatcher","SHTF"
"Common Tody-Flycatcher","COTF"
"Black-headed Tody-Flycatcher","BHTF"
"Brownish Flycatcher","BRFL"
"Eye-ringed Flatbill","ERFL"
"Olivaceous Flatbill","OLFL"
"Yellow-olive Flycatcher","YOFL"
"Yellow-margined Flycatcher","YMFL"
"Stub-tailed Spadebill","STTS"
"White-throated Spadebill","WTRS"
"Golden-crowned Spadebill","GCRS"
"Royal Flycatcher","ROFL"
"Ruddy-tailed Flycatcher","RDTF"
"Tawny-breasted Flycatcher","TBFL"
"Sulphur-rumped Flycatcher","SRFL"
"Black-tailed Flycatcher","BTFL"
"Bran-colored Flycatcher","BCOF"
"Euler's Flycatcher","EUFL"
"Tawny-chested Flycatcher","TCFL"
"Black-billed Flycatcher","BLBF"
"Belted Flycatcher","BEFL"
"Pileated Flycatcher","PILF"
"Tufted Flycatcher","TUFL"
"Olive-sided Flycatcher","OSFL"
"Greater Pewee","GRPE"
"Dark Pewee","DAPE"
"Ochraceous Pewee","OCPE"
"Western Wood-Pewee","WEWP"
"Eastern Wood-Pewee","EAWP"
"Tropical Pewee","TRPE"
"Cuban Pewee","CUPE"
"Jamaican Pewee","JAPE"
"Hispaniolan Pewee","HIPE"
"Lesser Antillean Pewee","LAPE"
"Yellow-bellied Flycatcher","YBFL"
"Acadian Flycatcher","ACFL"
"Alder Flycatcher","ALFL"
"Traill's Flycatcher","TRFL"
"Willow Flycatcher","WIFL"
"Southwestern Willow Flycatcher","SWFL"
"White-throated Flycatcher","WTFL"
"Least Flycatcher","LEFL"
"Hammond's Flycatcher","HAFL"
"Hammond's/Dusky Flycatcher","HDFL"
"Gray Flycatcher","GRFL"
"Dusky Flycatcher","DUFL"
"Pine Flycatcher","PINF"
"Pacific-slope Flycatcher","PSFL"
"Western Flycatcher","WEFL"
"Cordilleran Flycatcher","COFL"
"Yellowish Flycatcher","YEFL"
"Buff-breasted Flycatcher","BBFL"
"Black-capped Flycatcher","BCAF"
"Unidentified Empidonax Flycatcher","UEFL"
"Black Phoebe","BLPH"
"Eastern Phoebe","EAPH"
"Say's Phoebe","SAPH"
"Vermilion Flycatcher","VEFL"
"Pied Water-Tyrant","PIWT"
"Long-tailed Tyrant","LTTY"
"Cattle Tyrant","CATY"
"Bright-rumped Attila","BRAT"
"Sirystes","SIRY"
"Rufous Mourner","RMOU"
"Yucatan Flycatcher","YUFL"
"Sad Flycatcher","SAFL"
"Dusky-capped Flycatcher","DCFL"
"Panama Flycatcher","PAFL"
"Ash-throated Flycatcher","ATFL"
"Nutting's Flycatcher","NUFL"
"Great Crested Flycatcher","GCFL"
"Brown-crested Flycatcher","BCFL"
"Grenada Flycatcher","GFLY"
"Rufous-tailed Flycatcher","RFTF"
"La Sagra's Flycatcher","LSFL"
"Stolid Flycatcher","STOF"
"Puerto Rican Flycatcher","PRFL"
"Lesser Antillean Flycatcher","LAFL"
"Flammulated Flycatcher","FLFL"
"Lesser Kiskadee","LEKI"
"Great Kiskadee","GKIS"
"Boat-billed Flycatcher","BOBF"
"Rusty-margined Flycatcher","RMFL"
"Social Flycatcher","SOFL"
"Gray-capped Flycatcher","GCAF"
"White-ringed Flycatcher","WRFL"
"Golden-bellied Flycatcher","GBFL"
"Golden-crowned Flycatcher","GOCF"
"Streaked Flycatcher","STRF"
"Sulphur-bellied Flycatcher","SBFL"
"Piratic Flycatcher","PIFL"
"Variegated Flycatcher","VAFL"
"Tropical Kingbird","TRKI"
"Couch's Kingbird","COKI"
"Cassin's Kingbird","CAKI"
"Thick-billed Kingbird","TBKI"
"Western Kingbird","WEKI"
"Eastern Kingbird","EAKI"
"Gray Kingbird","GRAK"
"Loggerhead Kingbird","LOKI"
"Giant Kingbird","GIKI"
"Scissor-tailed Flycatcher","STFL"
"Fork-tailed Flycatcher","FTFL"
"Unidentified Flycatcher","UNFL"
"Sapayoa","SAPA"
"Thrush-like Schiffornis","TLSC"
"Gray-headed Piprites","GHPI"
"Rufous Piha","RUFP"
"Speckled Mourner","SPMO"
"Barred Becard","BABE"
"Cinereous Becard","CIRB"
"Cinnamon Becard","CIMB"
"White-winged Becard","WWBE"
"Black-and-white Becard","BAWB"
"Gray-collared Becard","GCBE"
"Rose-throated Becard","RTBE"
"One-colored Becard","OCBE"
"Jamaican Becard","JABE"
"Masked Tityra","MATI"
"Black-crowned Tityra","BCRT"
"Lovely Cotinga","LOCO"
"Turquoise Cotinga","TUCO"
"Blue Cotinga","BLCO"
"Black-tipped Cotinga","BTCO"
"Yellow-billed Cotinga","YBCO"
"Snowy Cotinga","SNCO"
"Purple-throated Fruitcrow","PTFR"
"Bare-necked Umbrellabird","BNUM"
"Three-wattled Bellbird","TWBE"
"Green Manakin","GMAK"
"White-collared Manakin","WCOM"
"Orange-collared Manakin","OCMA"
"Golden-collared Manakin","GCMA"
"White-ruffed Manakin","WRMA"
"Lance-tailed Manakin","LATM"
"Long-tailed Manakin","LOTM"
"White-crowned Manakin","WCRM"
"Blue-crowned Manakin","BCRM"
"Golden-headed Manakin","GHMA"
"Red-capped Manakin","RCMA"
"Sharpbill","SHAR"
"Kauai Oo","KAOO"
"Oahu Oo","OAOO"
"Bishop's Oo","BIOO"
"Hawaii Oo","HAOO"
"Kioea","KIOE"
"Brown Shrike","BRSH"
"Loggerhead Shrike","LOSH"
"Northern Shrike","NSHR"
"Slaty Vireo","SLVI"
"White-eyed Vireo","WEVI"
"Thick-billed Vireo","TBVI"
"Mangrove Vireo","MAVI"
"Cozumel Vireo","COVI"
"St. Andrew Vireo","SAVI"
"Jamaican Vireo","JAVI"
"Cuban Vireo","CUVI"
"Puerto Rican Vireo","PRVI"
"Flat-billed Vireo","FBVI"
"Bell's Vireo","BEVI"
"Least Bell's Vireo","LBVI"
"Black-capped Vireo","BCVI"
"Dwarf Vireo","DWVI"
"Gray Vireo","GRVI"
"Blue Mountain Vireo","BMVI"
"Yellow-throated Vireo","YTVI"
"Plumbeous Vireo","PLVI"
"Solitary Vireo","SOVI"
"Cassin's Vireo","CAVI"
"Blue-headed Vireo","BHVI"
"Yellow-winged Vireo","YWVI"
"Hutton's Vireo","HUVI"
"Golden Vireo","GOVI"
"Warbling Vireo","WAVI"
"Brown-capped Vireo","BCAV"
"Philadelphia Vireo","PHVI"
"Red-eyed Vireo","REVI"
"Yellow-green Vireo","YGVI"
"Black-whiskered Vireo","BWVI"
"Yucatan Vireo","YUVI"
"Scrub Greenlet","SCRG"
"Tawny-crowned Greenlet","TCGR"
"Golden-fronted Greenlet","GFGR"
"Lesser Greenlet","LESG"
"Chestnut-sided Shrike-Vireo","CSSV"
"Green Shrike-Vireo","GRSV"
"Yellow-browed Shrike-Vireo","YBSV"
"Rufous-browed Peppershrike","RBPE"
"Gray Jay","GRAJ"
"Steller's Jay","STJA"
"Blue Jay","BLJA"
"Black-throated Magpie-Jay","BTMJ"
"White-throated Magpie-Jay","WTMJ"
"Tufted Jay","TUJA"
"Black-chested Jay","BCHJ"
"Green Jay","GREJ"
"Brown Jay","BRJA"
"Bushy-crested Jay","BCRJ"
"San Blas Jay","SBJA"
"Yucatan Jay","YUJA"
"Purplish-backed Jay","PBJA"
"Azure-hooded Jay","AHJA"
"Black-throated Jay","BTJA"
"Dwarf Jay","DWJA"
"Silvery-throated Jay","STHJ"
"White-throated Jay","WTJA"
"Florida Scrub-Jay","FLSJ"
"Island Scrub-Jay","ISSJ"
"Western Scrub-Jay","WESJ"
"Mexican Jay","MEJA"
"Unicolored Jay","UNJA"
"Pinyon Jay","PIJA"
"Clark's Nutcracker","CLNU"
"Black-billed Magpie","BBMA"
"Yellow-billed Magpie","YBMA"
"Eurasian Jackdaw","EUJA"
"American Crow","AMCR"
"Northwestern Crow","NOCR"
"Palm Crow","PACR"
"Cuban Crow","CUCR"
"White-necked Crow","WNCR"
"Jamaican Crow","JACR"
"Tamaulipas Crow","TACR"
"Sinaloa Crow","SICR"
"Fish Crow","FICR"
"Hawaiian Crow","HCRO"
"Unidentified Crow","UNCR"
"Chihuahuan Raven","CHRA"
"Common Raven","CORA"
"Elepaio","ELEP"
"Sky Lark","SKLA"
"Horned Lark","HOLA"
"Purple Martin","PUMA"
"Cuban Martin","CUMA"
"Caribbean Martin","CAMA"
"Sinaloa Martin","SIMA"
"Gray-breasted Martin","GYBM"
"Southern Martin","SOMA"
"Brown-chested Martin","BCMA"
"Tree Swallow","TRES"
"Mangrove Swallow","MANS"
"Golden Swallow","GOSW"
"Violet-green Swallow","VGSW"
"Bahama Swallow","BAHS"
"Blue-and-white Swallow","BAWS"
"Black-capped Swallow","BCSW"
"White-thighed Swallow","WTGS"
"Northern Rough-winged Swallow","NRWS"
"Southern Rough-winged Swallow","SRWS"
"Bank Swallow","BANS"
"Cliff Swallow","CLSW"
"Cave Swallow","CASW"
"Barn Swallow","BARS"
"Common House-Martin","COHM"
"Unidentified Swallow","UNSW"
"Carolina Chickadee","CACH"
"Carolina X Black-c. Chickadee Hybrid","CBCC"
"Black-capped Chickadee","BCCH"
"Mountain Chickadee","MOCH"
"Mexican Chickadee","MECH"
"Chestnut-backed Chickadee","CBCH"
"Boreal Chickadee","BOCH"
"Gray-headed Chickadee","GHCH"
"Unidentified Poecile Chickadee","UPCH"
"Bridled Titmouse","BRTI"
"Oak Titmouse","OATI"
"Juniper Titmouse","JUTI"
"Tufted Titmouse","TUTI"
"Black-crested Titmouse","BCTI"
"Verdin","VERD"
"Bushtit","BUSH"
"Red-breasted Nuthatch","RBNU"
"White-breasted Nuthatch","WBNU"
"Pygmy Nuthatch","PYNU"
"Brown-headed Nuthatch","BHNU"
"Brown Creeper","BRCR"
"Black-capped Donacobius","BCDO"
"White-headed Wren","WHWR"
"Band-backed Wren","BABW"
"Gray-barred Wren","GBWR"
"Giant Wren","GIWR"
"Rufous-naped Wren","RNAW"
"Spotted Wren","SPWR"
"Boucard's Wren","BOWR"
"Yucatan Wren","YUWR"
"Cactus Wren","CACW"
"Rock Wren","ROWR"
"Canyon Wren","CANW"
"Sumichrast's Wren","SUWR"
"Nava's Wren","NAWR"
"Sooty-headed Wren","SHWR"
"Black-throated Wren","BTWR"
"Black-bellied Wren","BBEW"
"Bay Wren","BAYW"
"Riverside Wren","RIWR"
"Stripe-throated Wren","STWR"
"Stripe-breasted Wren","SIBW"
"Rufous-breasted Wren","RBSW"
"Spot-breasted Wren","SBSW"
"Rufous-and-white Wren","RAWW"
"Sinaloa Wren","SIWR"
"Banded Wren","BANW"
"Carolina Wren","CARW"
"Happy Wren","HAWR"
"Buff-breasted Wren","BBRW"
"Plain Wren","PLWR"
"Bewick's Wren","BEWR"
"Zapata Wren","ZAWR"
"House Wren","HOWR"
"Southern House-Wren","SOHW"
"Socorro Wren","SOCW"
"Clarion Wren","CLWR"
"Rufous-browed Wren","RBWW"
"Ochraceous Wren","OCWR"
"Winter Wren","WIWR"
"Sedge Wren","SEWR"
"Marsh Wren","MAWR"
"White-bellied Wren","WBWR"
"Timberline Wren","TIWR"
"White-breasted Wood-Wren","WBWW"
"Gray-breasted Wood-Wren","GBWW"
"Nightingale Wren","NIWR"
"Scaly-breasted Wren","SCBW"
"Song Wren","SONW"
"Unidentified Wren","UNWR"
"American Dipper","AMDI"
"Red-vented Bulbul","RVBU"
"Red-whiskered Bulbul","RWBU"
"Golden-crowned Kinglet","GCKI"
"Ruby-crowned Kinglet","RCKI"
"Japanese Bush-Warbler","JABW"
"Middendorff's Grasshopper-Warbler","MIGW"
"Lanceolated Warbler","LANW"
"Millerbird","MILL"
"Willow Warbler","WILW"
"Wood Warbler","WOWA"
"Dusky Warbler","DUWA"
"Yellow-browed Warbler","YBWA"
"Arctic Warbler","ARWA"
"Lesser Whitethroat","LEWH"
"Tawny-faced Gnatwren","TFGN"
"Long-billed Gnatwren","LBGN"
"Blue-gray Gnatcatcher","BGGN"
"Cuban Gnatcatcher","CUGN"
"California Gnatcatcher","CAGN"
"Black-tailed Gnatcatcher","BTGN"
"Black-capped Gnatcatcher","BCGN"
"White-lored Gnatcatcher","WLGN"
"Tropical Gnatcatcher","TRGN"
"Slate-throated Gnatcatcher","STGN"
"Narcissus Flycatcher","NAFL"
"Mugimaki Flycatcher","MUFL"
"Taiga Flycatcher","TAFL"
"Dark-sided Flycatcher","DSFL"
"Gray-streaked Flycatcher","GSFL"
"Asian Brown Flycatcher","ABFL"
"Spotted Flycatcher","SPFL"
"Siberian Rubythroat","SIRU"
"Bluethroat","BLUE"
"Siberian Blue Robin","SBRO"
"Red-flanked Bluetail","RFBL"
"White-rumped Shama","WRSH"
"Northern Wheatear","NOWH"
"Stonechat","STON"
"Eastern Bluebird","EABL"
"Western Bluebird","WEBL"
"Western X Mountain Bluebird Hybrid","WMBH"
"Mountain Bluebird","MOBL"
"Townsend's Solitaire","TOSO"
"Brown-backed Solitaire","BBSO"
"Cuban Solitaire","CUSO"
"Rufous-throated Solitaire","RTSO"
"Black-faced Solitaire","BFSO"
"Varied Solitaire","VASO"
"Slate-colored Solitaire","SCSO"
"Kamao","KAMA"
"Amaui","AMAU"
"Olomao","OLOM"
"Omao","OMAO"
"Puaiohi","PUAI"
"Black-billed Nightingale-Thrush","BBNT"
"Orange-billed Nightingale-Thrush","OBNT"
"Slaty-backed Nightingale-Thrush","SBNT"
"Russet Nightingale-Thrush","RUNT"
"Ruddy-capped Nightingale-Thrush","RCNT"
"Black-headed Nightingale-Thrush","BHNT"
"Spotted Nightingale-Thrush","SPNT"
"Veery","VEER"
"Gray-cheeked Thrush","GCTH"
"Gray-cheeked/Bicknell's Thrush","GCBT"
"Bicknell's Thrush","BITH"
"Swainson's Thrush","SWTH"
"Hermit Thrush","HETH"
"Wood Thrush","WOTH"
"Unidentified Thrush","UNTH"
"Eurasian Blackbird","EUBL"
"Eyebrowed Thrush","EYTH"
"Dusky Thrush","DUTH"
"Fieldfare","FIEL"
"Redwing","REDW"
"Sooty Robin","SORO"
"Black Robin","BLRO"
"Mountain Robin","MORO"
"Cocoa Thrush","COCT"
"Pale-vented Thrush","PVTH"
"Clay-colored Robin","CCRO"
"Bare-eyed Robin","BERO"
"White-eyed Thrush","WETH"
"White-throated Robin","WTRO"
"Rufous-backed Robin","RBRO"
"Rufous-collared Robin","RCRO"
"American Robin","AMRO"
"La Selle Thrush","LSTH"
"White-chinned Thrush","WCTH"
"Grand Cayman Thrush","GCAT"
"Red-legged Thrush","RLTH"
"Forest Thrush","FOTH"
"Varied Thrush","VATH"
"Aztec Thrush","AZTH"
"Greater Necklaced Laughingthrush","GNLA"
"Hwamei","HWAM"
"Red-billed Leiothrix","RBLE"
"Wrentit","WREN"
"Japanese White-eye","JAWE"
"Gray Catbird","GRCA"
"Black Catbird","BLCA"
"Northern Mockingbird","NOMO"
"Tropical Mockingbird","TRMO"
"Socorro Mockingbird","SOMO"
"Bahama Mockingbird","BAMO"
"Sage Thrasher","SATH"
"Brown Thrasher","BRTH"
"Long-billed Thrasher","LBTH"
"Cozumel Thrasher","COZT"
"Gray Thrasher","GRAT"
"Bendire's Thrasher","BETH"
"Ocellated Thrasher","OCTH"
"Curve-billed Thrasher","CBTH"
"California Thrasher","CATH"
"Crissal Thrasher","CRTH"
"Le Conte's Thrasher","LCTH"
"White-breasted Thrasher","WBTH"
"Blue Mockingbird","BLMO"
"Blue-and-white Mockingbird","BAWM"
"Scaly-breasted Thrasher","SBTH"
"Pearly-eyed Thrasher","PETH"
"Brown Trembler","BRTR"
"Gray Trembler","GRTR"
"European Starling","EUST"
"Common Myna","COMY"
"Hill Myna","HIMY"
"Siberian Accentor","SIAC"
"Eastern Yellow Wagtail","EYWA"
"Citrine Wagtail","CIWA"
"Gray Wagtail","GRAW"
"White Wagtail","WHWA"
"Tree Pipit","TRPI"
"Olive-backed Pipit","OBPI"
"Pechora Pipit","PEPI"
"Red-throated Pipit","RTPI"
"American Pipit","AMPI"
"Sprague's Pipit","SPPI"
"Yellowish Pipit","YEPI"
"Bohemian Waxwing","BOWA"
"Cedar Waxwing","CEDW"
"Black-and-yellow Silky-flycatcher","BAYS"
"Gray Silky-flycatcher","GRSF"
"Long-tailed Silky-flycatcher","LTSF"
"Phainopepla","PHAI"
"Palmchat","PALM"
"Olive Warbler","OLWA"
"Bachman's Warbler","BAWA"
"Blue-winged Warbler","BWWA"
"Brewster's Warbler","BRWA"
"Lawrence's Warbler","LAWA"
"Golden-winged Warbler","GWWA"
"Tennessee Warbler","TEWA"
"Orange-crowned Warbler","OCWA"
"Nashville Warbler","NAWA"
"Virginia's Warbler","VIWA"
"Colima Warbler","COLW"
"Lucy's Warbler","LUWA"
"Flame-throated Warbler","FTHW"
"Crescent-chested Warbler","CCWA"
"Northern Parula","NOPA"
"Tropical Parula","TRPA"
"Yellow Warbler","YWAR"
"Chestnut-sided Warbler","CSWA"
"Magnolia Warbler","MAWA"
"Cape May Warbler","CMWA"
"Black-throated Blue Warbler","BTBW"
"Yellow-rumped Warbler","YRWA"
"Myrtle Warbler","MYWA"
"Audubon's Warbler","AUWA"
"Black-throated Gray Warbler","BTYW"
"Golden-cheeked Warbler","GCWA"
"Black-throated Green Warbler","BTNW"
"Townsend's Warbler","TOWA"
"Townsend's x Hermit Warbler Hybrid","THWH"
"Hermit Warbler","HEWA"
"Blackburnian Warbler","BLBW"
"Yellow-throated Warbler","YTWA"
"Sutton's Warbler","SUWA"
"Grace's Warbler","GRWA"
"Adelaide's Warbler","ADWA"
"Barbuda Warbler","BARW"
"St. Lucia Warbler","SLWA"
"Olive-capped Warbler","OCAW"
"Pine Warbler","PIWA"
"Kirtland's Warbler","KIWA"
"Prairie Warbler","PRAW"
"Vitelline Warbler","VITW"
"Palm Warbler","PAWA"
"Western Palm Warbler","WPWA"
"Yellow Palm Warbler","YPWA"
"Bay-breasted Warbler","BBWA"
"Blackpoll Warbler","BLPW"
"Cerulean Warbler","CERW"
"Plumbeous Warbler","PLWA"
"Arrowhead Warbler","ARRW"
"Elfin-woods Warbler","EWWA"
"Whistling Warbler","WHIW"
"Black-and-white Warbler","BAWW"
"American Redstart","AMRE"
"Prothonotary Warbler","PROW"
"Worm-eating Warbler","WEWA"
"Swainson's Warbler","SWWA"
"Ovenbird","OVEN"
"Northern Waterthrush","NOWA"
"Louisiana Waterthrush","LOWA"
"Kentucky Warbler","KEWA"
"Connecticut Warbler","CONW"
"Mourning Warbler","MOWA"
"MacGillivray's Warbler","MGWA"
"Common Yellowthroat","COYE"
"Belding's Yellowthroat","BEYE"
"Altamira Yellowthroat","ALYE"
"Bahama Yellowthroat","BAYE"
"Olive-crowned Yellowthroat","OCYE"
"Black-polled Yellowthroat","BPYE"
"Hooded Yellowthroat","HOYE"
"Masked Yellowthroat","MAYE"
"Gray-crowned Yellowthroat","GCYE"
"Green-tailed Warbler","GTWA"
"Yellow-headed Warbler","YHWA"
"Oriente Warbler","ORWA"
"Semper's Warbler","SEWA"
"Hooded Warbler","HOWA"
"Wilson's Warbler","WIWA"
"Canada Warbler","CAWA"
"Red-faced Warbler","RFWA"
"Red Warbler","REWA"
"Pink-headed Warbler","PHWA"
"Painted Redstart","PARE"
"Slate-throated Redstart","STRE"
"Collared Redstart","COLR"
"Fan-tailed Warbler","FTWA"
"Golden-crowned Warbler","GCRW"
"Rufous-capped Warbler","RCWA"
"Golden-browed Warbler","GBWA"
"Black-cheeked Warbler","BCWA"
"Pirre Warbler","PIRW"
"Three-striped Warbler","TSWA"
"Buff-rumped Warbler","BURW"
"Wrenthrush","WRET"
"Yellow-breasted Chat","YBCH"
"Red-breasted Chat","RBRC"
"Gray-throated Chat","GTCH"
"White-winged Warbler","WWWA"
"Unidentified Warbler","UNWA"
"Bananaquit","BANA"
"White-eared Conebill","WECO"
"Puerto Rican Tanager","PRTA"
"Common Bush-Tanager","COBT"
"Tacarcuna Bush-Tanager","TABT"
"Pirre Bush-Tanager","PIBT"
"Sooty-capped Bush-Tanager","SCBT"
"Yellow-throated Bush-Tanager","YTBT"
"Ashy-throated Bush-Tanager","ATBT"
"Yellow-backed Tanager","YBTA"
"Black-and-yellow Tanager","BAYT"
"Black-crowned Palm-Tanager","BPLT"
"Gray-crowned Palm-Tanager","GCPT"
"Western Chat-Tanager","WECT"
"Eastern Chat-Tanager","EACT"
"Rosy Thrush-Tanager","ROTT"
"Dusky-faced Tanager","DFTA"
"Olive Tanager","OLTA"
"Lemon-spectacled Tanager","LSTA"
"Gray-headed Tanager","GHET"
"Black-throated Shrike-Tanager","BTST"
"White-throated Shrike-Tanager","WTST"
"Sulphur-rumped Tanager","SRTA"
"Scarlet-browed Tanager","SBTA"
"White-shouldered Tanager","WSTA"
"Tawny-crested Tanager","TCTA"
"White-lined Tanager","WLTA"
"Red-crowned Ant-Tanager","RCAT"
"Red-throated Ant-Tanager","RTAT"
"Black-cheeked Ant-Tanager","BCAT"
"Rose-throated Tanager","RTTA"
"Hepatic Tanager","HETA"
"Summer Tanager","SUTA"
"Scarlet Tanager","SCTA"
"Western Tanager","WETA"
"Flame-colored Tanager","FCTA"
"White-winged Tanager","WWTA"
"Red-headed Tanager","RHTA"
"Unidentified Piranga Tanager","UPTA"
"Crimson-collared Tanager","CCTA"
"Crimson-backed Tanager","CBTA"
"Passerini's Tanager","PAST"
"Cherrie's Tanager","CHET"
"Flame-rumped Tanager","FRTA"
"Western Spindalis","WESP"
"Jamaican Spindalis","JAMS"
"Hispaniolan Spindalis","HISP"
"Puerto Rican Spindalis","PRSP"
"Blue-gray Tanager","BGTA"
"Yellow-winged Tanager","YWTA"
"Palm Tanager","PALT"
"Blue-and-gold Tanager","BAGT"
"Plain-colored Tanager","PCTA"
"Azure-rumped Tanager","ARTA"
"Gray-and-gold Tanager","GAGT"
"Emerald Tanager","EMTA"
"Silver-throated Tanager","STTA"
"Speckled Tanager","SPTA"
"Bay-headed Tanager","BHTA"
"Rufous-winged Tanager","RWTA"
"Lesser Antillean Tanager","LATA"
"Golden-hooded Tanager","GHOT"
"Spangle-cheeked Tanager","SCHT"
"Green-naped Tanager","GNTA"
"Scarlet-thighed Dacnis","STDA"
"Blue Dacnis","BLDA"
"Viridian Dacnis","VIDA"
"Green Honeycreeper","GRHO"
"Shining Honeycreeper","SHHO"
"Purple Honeycreeper","PUHO"
"Red-legged Honeycreeper","RLHO"
"Swallow Tanager","SWTA"
"Blue-black Grassquit","BGRA"
"Slate-colored Seedeater","SCSE"
"Variable Seedeater","VASE"
"White-collared Seedeater","WCSE"
"Yellow-bellied Seedeater","YBSE"
"Ruddy-breasted Seedeater","RBSE"
"Nicaraguan Seed-Finch","NISF"
"Thick-billed Seed-Finch","TBSF"
"Blue Seedeater","BLSE"
"Cuban Bullfinch","CUBU"
"Cuban Grassquit","CUGR"
"Yellow-faced Grassquit","YFGR"
"Black-faced Grassquit","BFGR"
"Yellow-shouldered Grassquit","YSGR"
"Puerto Rican Bullfinch","PRBU"
"Greater Antillean Bullfinch","GABU"
"Lesser Antillean Bullfinch","LANB"
"Barbados Bullfinch","BABU"
"Orangequit","ORAN"
"St. Lucia Black Finch","SLBF"
"Cocos Finch","COFI"
"Slaty Finch","SLFI"
"Peg-billed Finch","PBFI"
"Cinnamon-bellied Flowerpiercer","CBFL"
"Slaty Flowerpiercer","SLFL"
"Saffron Finch","SAFI"
"Grassland Yellow-Finch","GRYF"
"Wedge-tailed Grass-Finch","WTGF"
"Red-crested Cardinal","RCCA"
"Yellow-billed Cardinal","YBCA"
"Sooty-faced Finch","SFFI"
"Yellow-thighed Finch","YTFI"
"Yellow-green Finch","YGFI"
"Large-footed Finch","LFFI"
"White-naped Brush-Finch","WNBF"
"Rufous-capped Brush-Finch","RCBF"
"Chestnut-capped Brush-Finch","CCBF"
"Green-striped Brush-Finch","GSBF"
"Stripe-headed Brush-Finch","SHBF"
"Orange-billed Sparrow","OBSP"
"Olive Sparrow","OLSP"
"Green-backed Sparrow","GBSP"
"Black-striped Sparrow","BSTS"
"Rusty-crowned Ground-Sparrow","RCGS"
"Prevost's Ground-Sparrow","PRGS"
"White-eared Ground-Sparrow","WEGS"
"Green-tailed Towhee","GTTO"
"Collared Towhee","COTO"
"Spotted Towhee","SPTO"
"Rufous-sided Towhee","RSTO"
"Eastern Towhee","EATO"
"White-throated Towhee","WTTO"
"Canyon Towhee","CANT"
"California Towhee","CALT"
"Abert's Towhee","ABTO"
"Stripe-headed Sparrow","SHSP"
"Black-chested Sparrow","BCHS"
"Bridled Sparrow","BRIS"
"Cinnamon-tailed Sparrow","CTSP"
"Rufous-winged Sparrow","RWSP"
"Cassin's Sparrow","CASP"
"Bachman's Sparrow","BACS"
"Botteri's Sparrow","BOSP"
"Rufous-crowned Sparrow","RCSP"
"Rusty Sparrow","RUSP"
"Oaxaca Sparrow","OASP"
"Five-striped Sparrow","FSSP"
"Striped Sparrow","SSPA"
"Zapata Sparrow","ZASP"
"American Tree Sparrow","ATSP"
"Chipping Sparrow","CHSP"
"Clay-colored Sparrow","CCSP"
"Brewer's Sparrow","BRSP"
"Field Sparrow","FISP"
"Worthen's Sparrow","WOSP"
"Black-chinned Sparrow","BCSP"
"Vesper Sparrow","VESP"
"Lark Sparrow","LASP"
"Black-throated Sparrow","BTSP"
"Sage Sparrow","SAGS"
"Lark Bunting","LARB"
"Savannah Sparrow","SAVS"
"Ipswich Sparrow","IPSP"
"Belding's Savannah Sparrow","BSSP"
"Large-billed Sparrow","LBSP"
"Grasshopper Sparrow","GRSP"
"Florida Grasshopper Sparrow","FGSP"
"Baird's Sparrow","BAIS"
"Henslow's Sparrow","HESP"
"Le Conte's Sparrow","LCSP"
"Nelson's Sharp-tailed Sparrow","NSTS"
"Sharp-tailed Sparrow","STSP"
"Saltmarsh Sharp-tailed Sparrow","SSTS"
"Seaside Sparrow","SESP"
"Dusky Seaside-Sparrow","DUSS"
"Cape Sable Seaside-Sparrow","CSSS"
"Sierra Madre Sparrow","SMSP"
"Fox Sparrow","FOSP"
"Song Sparrow","SOSP"
"Lincoln's Sparrow","LISP"
"Swamp Sparrow","SWSP"
"Rufous-collared Sparrow","RCOS"
"White-throated Sparrow","WTSP"
"Harris's Sparrow","HASP"
"White-crowned Sparrow","WCSP"
"Eastern White-crowned Sparrow","EWCS"
"Mountain White-crowned Sparrow","MWCS"
"Gambel's White-crowned Sparrow","GWCS"
"Puget Sound White-crowned Sparrow","PSWS"
"Nuttall's White-crowned Sparrow","NWCS"
"White-cr. X Golden-cr. Sparrow Hybrid","WGSH"
"Golden-crowned Sparrow","GCSP"
"Volcano Junco","VOJU"
"Dark-eyed Junco","DEJU"
"Slate-colored Junco","SCJU"
"White-winged Junco","WWJU"
"Oregon Junco","ORJU"
"Gray-headed Junco","GHJU"
"Yellow-eyed Junco","YEJU"
"Unidentified Sparrow","UNSP"
"McCown's Longspur","MCLO"
"Lapland Longspur","LALO"
"Smith's Longspur","SMLO"
"Chestnut-collared Longspur","CCLO"
"Pine Bunting","PIBU"
"Little Bunting","LIBU"
"Rustic Bunting","RUBU"
"Yellow-throated Bunting","YTBU"
"Yellow-breasted Bunting","YBBU"
"Gray Bunting","GRBU"
"Pallas's Bunting","PALB"
"Reed Bunting","REBU"
"Snow Bunting","SNBU"
"McKay's Bunting","MKBU"
"Lesser Antillean Saltator","LASA"
"Streaked Saltator","SSAL"
"Grayish Saltator","GRAS"
"Buff-throated Saltator","BTSA"
"Black-headed Saltator","BHSA"
"Slate-colored Grosbeak","SCOG"
"Black-faced Grosbeak","BFAG"
"Yellow-green Grosbeak","YGGR"
"Crimson-collared Grosbeak","CCGR"
"Northern Cardinal","NOCA"
"Pyrrhuloxia","PYRR"
"Yellow Grosbeak","YEGR"
"Black-thighed Grosbeak","BTGG"
"Rose-breasted Grosbeak","RBGR"
"Black-headed Grosbeak","BHGR"
"Blue-black Grosbeak","BGRO"
"Blue Bunting","BLBU"
"Blue Grosbeak","BLGR"
"Lazuli Bunting","LAZB"
"Lazuli x Indigo Bunting Hybrid","LIBH"
"Indigo Bunting","INBU"
"Rose-bellied Bunting","RBBU"
"Orange-breasted Bunting","OBBU"
"Varied Bunting","VABU"
"Painted Bunting","PABU"
"Dickcissel","DICK"
"Bobolink","BOBO"
"Red-winged Blackbird","RWBL"
"Red-shouldered Blackbird","RSBL"
"Tricolored Blackbird","TRBL"
"Tawny-shouldered Blackbird","TSBL"
"Yellow-shouldered Blackbird","YSBL"
"Jamaican Blackbird","JABL"
"Red-breasted Blackbird","RBBL"
"Eastern Meadowlark","EAME"
"Western Meadowlark","WEME"
"Yellow-headed Blackbird","YHBL"
"Melodious Blackbird","MEBL"
"Cuban Blackbird","CUBL"
"Rusty Blackbird","RUBL"
"Brewer's Blackbird","BRBL"
"Common Grackle","COGR"
"Boat-tailed Grackle","BTGR"
"Great-tailed Grackle","GTGR"
"Slender-billed Grackle","SBGR"
"Nicaraguan Grackle","NIGR"
"Greater Antillean Grackle","GAGR"
"Carib Grackle","CAGR"
"Shiny Cowbird","SHCO"
"Bronzed Cowbird","BROC"
"Brown-headed Cowbird","BHCO"
"Giant Cowbird","GICO"
"Unidentified Blackbird","UNBL"
"Greater Antillean Oriole","GAOR"
"St. Lucia Oriole","SLOR"
"Montserrat Oriole","MORI"
"Martinique Oriole","MAOR"
"Black-vented Oriole","BVOR"
"Bar-winged Oriole","BWOR"
"Black-cowled Oriole","BCOR"
"Orchard Oriole","OROR"
"Hooded Oriole","HOOR"
"Yellow-backed Oriole","YBOR"
"Orange-crowned Oriole","OCOR"
"Yellow-tailed Oriole","YTOR"
"Troupial","TROU"
"Streak-backed Oriole","SBAO"
"Bullock's Oriole","BUOR"
"Bullock's x Baltimore Oriole Hybrid","BBOH"
"Orange Oriole","ORAO"
"Jamaican Oriole","JAOR"
"Spot-breasted Oriole","SBOR"
"Altamira Oriole","ALOR"
"Audubon's Oriole","AUOR"
"Baltimore Oriole","BAOR"
"Black-backed Oriole","BBOR"
"Scott's Oriole","SCOR"
"Yellow-billed Cacique","YBIC"
"Scarlet-rumped Cacique","SRCA"
"Yellow-rumped Cacique","YRCA"
"Yellow-winged Cacique","YWCA"
"Crested Oropendola","CROR"
"Chestnut-headed Oropendola","CHOR"
"Montezuma Oropendola","MOTO"
"Black Oropendola","BLOR"
"Common Chaffinch","COCH"
"Brambling","BRAM"
"Jamaican Euphonia","JAEU"
"Scrub Euphonia","SEUP"
"Yellow-crowned Euphonia","YCEU"
"Thick-billed Euphonia","TBEU"
"Yellow-throated Euphonia","YTEU"
"Antillean Euphonia","ANEU"
"Elegant Euphonia","ELEU"
"Fulvous-vented Euphonia","FVEU"
"Spot-crowned Euphonia","SPCE"
"Olive-backed Euphonia","OBAE"
"White-vented Euphonia","WVEU"
"Tawny-capped Euphonia","TCEU"
"Orange-bellied Euphonia","OBEE"
"Yellow-collared Chlorophonia","YCCH"
"Blue-crowned Chlorophonia","BCRC"
"Golden-browed Chlorophonia","GBCH"
"Gray-crowned Rosy-Finch","GCRF"
"Black Rosy-Finch","BLRF"
"Brown-capped Rosy-Finch","BCRF"
"Pine Grosbeak","PIGR"
"Common Rosefinch","CORO"
"Purple Finch","PUFI"
"Cassin's Finch","CAFI"
"House Finch","HOFI"
"Unidentified Carpodacus Finch","UCFI"
"Red Crossbill","RECR"
"Hispaniolan Crossbill","HICR"
"White-winged Crossbill","WWCR"
"Common Redpoll","CORE"
"Common/Hoary Redpoll","CHRE"
"Hoary Redpoll","HORE"
"Eurasian Siskin","EUSI"
"Pine Siskin","PISI"
"Black-capped Siskin","BCSI"
"Black-headed Siskin","BHSI"
"Yellow-bellied Siskin","YBSI"
"Red Siskin","RESI"
"Antillean Siskin","ANSI"
"Lesser Goldfinch","LEGO"
"Lawrence's Goldfinch","LAGO"
"American Goldfinch","AMGO"
"European Goldfinch","EUGO"
"Oriental Greenfinch","ORGR"
"Yellow-fronted Canary","YFCA"
"Common Canary","COCA"
"Eurasian Bullfinch","EUBU"
"Hooded Grosbeak","HOOG"
"Evening Grosbeak","EVGR"
"Hawfinch","HAWF"
"Laysan Finch","LAFI"
"Nihoa Finch","NIFI"
"Ou","OU"
"Lanai Hookbill","LAHO"
"Palila","PALI"
"Lesser Koa-Finch","LEKF"
"Greater Koa-Finch","GRKF"
"Kona Grosbeak","KOGR"
"Maui Parrotbill","MAPA"
"Hawaii Amakihi","HAAM"
"Oahu Amakihi","OAAM"
"Kauai Amakihi","KAAM"
"Anianiau","ANIA"
"Greater Amakihi","GRAM"
"Lesser Akialoa","LEAK"
"Greater Akialoa","GAKI"
"Nukupuu","NUKU"
"Akiapolaau","AKIA"
"Akikiki","AKIK"
"Hawaii Creeper","HCRE"
"Oahu Alauahio","OAAL"
"Kakawahie","KAKA"
"Maui Alauahio","MAAL"
"Akekee","AKEK"
"Akepa","AKEP"
"Ula-ai-hawane","UAIH"
"Iiwi","IIWI"
"Hawaii Mamo","HAMA"
"Black Mamo","BLMA"
"Akohekohe","AKOH"
"Apapane","APAP"
"Poo-uli","POUL"
"House Sparrow","HOSP"
"Eurasian Tree Sparrow","ETSP"
"Village Weaver","VIWE"
"Orange Bishop","ORBI"
"Yellow-crowned Bishop","YCBI"
"Red-cheeked Cordonbleu","RCCO"
"Lavender Waxbill","LAVW"
"Orange-cheeked Waxbill","OCHW"
"Black-rumped Waxbill","BRUW"
"Common Waxbill","COMW"
"Red Avadavat","REAV"
"Indian Silverbill","INSI"
"African Silverbill","AFSI"
"Bronze Mannikin","BRMA"
"Nutmeg Mannikin","NUMA"
"Tricolored Munia","TRMU"
"Chestnut Munia","CHMU"
"Java Sparrow","JASP"
"Pin-tailed Whydah","PTWH"
"Unidentified Bird","UNBI"
"Crested Myna","CRMY"
